area,sex_landlord,rent_cost_day,city,sumpeople,beds,rate
20,Male,258,BJ,2,1,5
112,Female,498,BJ,7,4,5
102,Female,698,BJ,6,3,5
15,Female,218,BJ,1,1,nan
62,Female,498,BJ,1,3,nan
62,Female,448,BJ,2,1,nan
5,Male,130,BJ,1,2,5
86,Female,486,BJ,4,2,5
83,Male,418,BJ,4,2,nan
55,Male,1200,BJ,3,2,4.9
22,Female,258,BJ,2,1,5
65,Female,480,BJ,3,1,5
45,Female,488,BJ,2,1,5
12,Female,229,BJ,2,1,4.9
15,Male,168,BJ,2,1,4.8
25,Female,198,BJ,2,1,5
20,Female,238,BJ,2,2,5
12,Female,238,BJ,2,1,5
76,Female,388,BJ,4,2,5
60,Female,468,BJ,4,2,4.9
25,Female,288,BJ,2,1,4.9
45,Female,358,BJ,2,1,4.8
20,Female,198,BJ,2,1,4.9
65,Male,369,BJ,4,3,4.8
12,Female,218,BJ,2,1,4.9
67,Female,498,BJ,5,3,4.8
52,Female,398,BJ,2,1,5
28,Female,288,BJ,2,1,5
20,Female,298,BJ,2,1,5
50,Male,518,BJ,2,1,4.9
100,Male,1200,BJ,4,2,nan
110,Male,548,BJ,8,4,5
60,Male,498,BJ,3,2,5
60,Female,298,BJ,2,4,4.6
68,Female,268,BJ,4,2,5
93,Male,528,BJ,4,2,5
45,Female,358,BJ,2,1,4.8
300,Male,1980,BJ,10,4,4.8
55,Male,598,BJ,5,3,nan
60,Female,298,BJ,2,1,4.8
94,Female,518,BJ,4,2,nan
75,Male,1099,BJ,7,3,5
10,Female,149,BJ,2,1,4.9
15,Female,330,BJ,2,1,4.9
150,Male,690,BJ,6,4,4.9
55,Female,398,BJ,2,1,4.9
140,Male,700,BJ,9,4,nan
130,Male,598,BJ,7,3,4.9
70,Male,499,BJ,4,2,5
54,Female,268,BJ,2,1,5
80,Female,250,BJ,2,1,nan
90,Female,488,BJ,5,2,5
62,Male,385,BJ,4,3,4.8
11,Male,348,BJ,2,1,nan
20,Female,199,BJ,2,1,5
60,Female,389,BJ,4,2,5
63,Female,438,BJ,4,2,4.9
25,Male,178,BJ,2,1,4.7
98,Male,1080,BJ,5,3,5
60,Male,519,BJ,4,2,5
90,Female,528,BJ,6,2,5
25,Female,209,BJ,2,1,4.9
75,Male,620,BJ,5,2,nan
62,Male,438,BJ,2,1,5
115,Female,538,BJ,4,2,nan
70,Male,499,BJ,4,2,4.9
6,Female,118,BJ,2,1,5
48,Female,298,BJ,2,1,5
65,Female,598,BJ,6,2,4.9
500,Female,3600,BJ,10,10,nan
68,Female,438,BJ,4,2,4.9
78,Male,358,BJ,5,2,4.9
20,Male,238,BJ,2,1,nan
45,Female,399,BJ,2,1,5
15,Female,159,BJ,2,1,4.8
500,Male,6288,BJ,10,6,5
9,Female,125,BJ,2,1,4.9
9,Female,158,BJ,2,1,4.9
45,Male,419,BJ,2,2,4.9
68,Male,398,BJ,4,3,4.8
100,Female,550,BJ,4,2,5
95,Female,538,BJ,4,4,5
45,Female,328,BJ,2,2,5
35,Female,309,BJ,2,1,5
57,Female,598,BJ,2,1,5
25,Female,198,BJ,2,2,4.8
60,Female,538,BJ,3,2,5
18,Female,159,BJ,2,1,5
65,Female,438,BJ,4,3,4.9
110,Female,498,BJ,3,2,nan
69,Male,305,BJ,2,1,4.8
60,Male,280,BJ,3,1,5
15,Female,199,BJ,1,1,4.9
56,Female,316,BJ,2,1,nan
168,Male,800,BJ,6,4,5
60,Male,518,BJ,2,1,nan
127,Male,659,BJ,10,6,4.8
10,Male,238,BJ,1,1,4.8
61,Female,588,BJ,4,2,5
78,Male,338,BJ,5,3,5
15,Female,268,BJ,2,1,4.8
30,Female,248,BJ,2,1,5
15,Female,168,BJ,2,1,4.9
60,Female,398,BJ,4,2,4.9
15,Female,168,BJ,1,1,5
20,Male,370,BJ,2,2,nan
105,Male,568,BJ,6,4,4.8
28,Female,268,BJ,2,1,5
60,Male,288,BJ,2,1,4.9
17,Female,199,BJ,2,1,4.8
65,Male,428,BJ,2,2,4.9
50,Male,398,BJ,2,1,5
104,Female,398,BJ,4,2,5
110,Female,498,BJ,4,2,4.9
60,Male,398,BJ,4,2,nan
50,Male,278,BJ,4,3,5
100,Female,499,BJ,4,2,4.9
9,Female,128,BJ,2,1,5
300,Female,1500,BJ,10,7,5
66,Female,420,BJ,3,2,5
95,Female,129,BJ,1,1,5
13,Female,189,BJ,1,1,5
10,Female,98,BJ,1,1,4.1
80,Female,780,BJ,7,4,5
15,Female,138,BJ,2,1,5
54,Male,328,BJ,4,2,nan
15,Male,188,BJ,2,1,5
65,Female,538,BJ,4,3,4.9
90,Female,300,BJ,4,3,5
60,Female,468,BJ,2,1,4.8
68,Female,300,BJ,2,1,4.9
58,Female,299,BJ,2,1,5
85,Male,358,BJ,3,2,5
98,Female,458,BJ,4,2,5
130,Male,548,BJ,8,5,nan
61,Female,368,BJ,3,2,4.8
42,Female,480,BJ,2,1,5
60,Male,458,BJ,4,2,5
10,Male,198,BJ,2,1,4.9
70,Female,458,BJ,5,2,4.6
20,Female,588,BJ,2,2,4.9
160,Female,698,BJ,6,3,4.9
9,Female,188,BJ,1,1,5
105,Male,598,BJ,5,3,5
45,Female,398,BJ,2,1,5
84,Female,468,BJ,4,2,4.9
162,Female,998,BJ,10,5,5
55,Male,288,BJ,2,1,4.9
58,Female,308,BJ,4,2,5
12,Female,159,BJ,2,1,5
300,Male,1980,BJ,10,4,4.9
18,Male,315,BJ,2,1,5
55,Female,326,BJ,2,1,4.9
54,Male,528,BJ,4,2,5
90,Female,426,BJ,4,2,5
65,Female,598,BJ,5,2,5
50,Female,331,BJ,3,2,4.9
50,Male,368,BJ,2,1,5
55,Female,298,BJ,2,1,5
10,Female,169,BJ,1,1,5
65,Female,378,BJ,5,3,5
78,Male,599,BJ,5,3,nan
40,Female,360,BJ,2,2,5
130,Male,1499,BJ,4,2,5
50,Female,398,BJ,2,1,4.9
130,Male,650,BJ,9,6,5
16,Female,268,BJ,2,1,5
22,Female,239,BJ,2,1,nan
86,Male,98,BJ,1,2,4.9
49,Female,298,BJ,2,1,5
100,Male,1488,BJ,6,3,5
18,Female,269,BJ,1,1,5
40,Female,146,BJ,3,1,5
50,Female,428,BJ,2,1,5
82,Female,398,BJ,4,4,4.9
60,Female,268,BJ,2,1,4.9
50,Male,450,BJ,4,1,nan
101,Male,598,BJ,4,4,5
55,Male,518,BJ,2,1,5
15,Female,148,BJ,2,1,4.9
57,Female,608,BJ,4,2,5
18,Female,168,BJ,2,1,4.9
80,Female,650,BJ,4,2,4.9
48,Female,298,BJ,2,2,5
300,Male,2588,BJ,10,8,5
50,Male,1200,BJ,4,2,5
400,Male,2980,BJ,10,12,4.8
69,Female,395,BJ,2,1,4.9
88,Female,599,BJ,6,3,nan
10,Male,158,BJ,2,1,4.9
10,Male,168,BJ,2,1,5
20,Male,138,BJ,2,1,5
300,Male,1980,BJ,10,7,4.9
18,Female,268,BJ,2,1,nan
10,Female,198,BJ,1,1,5
30,Female,288,BJ,2,1,5
55,Male,598,BJ,7,3,5
25,Female,339,BJ,2,1,nan
135,Female,638,BJ,6,3,nan
60,Female,299,BJ,3,2,4.9
55,Female,498,BJ,2,1,5
25,Male,138,BJ,2,1,5
50,Male,398,BJ,2,1,5
50,Female,428,BJ,2,1,5
89,Male,588,BJ,5,2,4.9
59,Male,399,BJ,2,1,nan
42,Male,388,BJ,2,1,5
50,Female,268,BJ,2,1,5
86,Female,368,BJ,4,2,4.9
51,Male,288,BJ,2,1,4.9
15,Male,328,BJ,2,1,5
87,Female,458,BJ,4,2,4.9
400,Male,1380,BJ,8,5,4.9
45,Male,298,BJ,4,2,5
60,Male,398,BJ,2,3,4.9
50,Male,1200,BJ,2,1,nan
20,Female,188,BJ,2,1,4.8
42,Female,358,BJ,2,1,4.9
45,Male,368,BJ,2,1,4.9
16,Female,108,BJ,1,1,5
25,Male,188,BJ,2,1,5
13,Male,168,BJ,1,1,4.9
300,Male,1980,BJ,10,8,4.8
380,Female,2000,BJ,6,3,5
12,Female,218,BJ,2,1,4.9
65,Male,369,BJ,5,3,4.9
85,Male,598,BJ,7,4,nan
10,Male,219,BJ,1,1,5
20,Male,218,BJ,2,1,5
60,Female,466,BJ,4,3,5
59,Female,338,BJ,3,2,5
20,Female,251,BJ,2,1,4.8
58,Male,458,BJ,3,2,5
80,Female,458,BJ,4,2,5
15,Female,118,BJ,1,1,4.8
90,Male,600,BJ,4,2,5
25,Male,299,BJ,2,1,5
98,Female,599,BJ,6,3,nan
48,Male,110,BJ,1,1,4.8
65,Male,298,BJ,3,2,4.9
16,Female,248,BJ,2,1,4.9
40,Male,89,BJ,1,1,4.9
40,Female,398,BJ,3,3,5
15,Male,208,BJ,2,2,5
67,Female,398,BJ,4,3,4.9
16,Male,139,BJ,2,1,4.9
8,Female,167,BJ,1,1,4.8
70,Male,999,BJ,6,3,5
108,Female,750,BJ,6,4,4.9
78,Male,338,BJ,5,3,5
20,Male,299,BJ,2,1,5
48,Male,268,BJ,2,1,5
30,Female,320,BJ,2,1,5
20,Female,248,BJ,2,1,5
75,Female,398,BJ,5,4,4.8
20,Female,298,BJ,2,1,5
18,Female,239,BJ,2,1,5
67,Male,458,BJ,5,3,4.8
70,Male,586,BJ,5,3,5
45,Male,339,BJ,4,2,5
58,Female,428,BJ,4,1,4.8
85,Male,498,BJ,4,2,5
20,Male,120,BJ,2,2,4.9
68,Female,395,BJ,2,1,5
69,Male,266,BJ,5,2,4.9
159,Male,1500,BJ,4,2,5
15,Male,110,BJ,1,1,5
62,Female,398,BJ,2,1,4.9
10,Male,168,BJ,2,1,5
75,Female,428,BJ,6,2,nan
14,Female,198,BJ,2,1,5
15,Female,158,BJ,2,1,5
70,Female,598,BJ,2,1,4.9
65,Female,579,BJ,3,2,5
20,Female,238,BJ,2,1,4.9
39,Male,369,BJ,2,1,4.9
51,Female,388,BJ,4,2,nan
25,Female,248,BJ,3,1,nan
56,Female,308,BJ,3,2,5
60,Female,368,BJ,3,2,5
62,Female,448,BJ,2,1,nan
60,Male,288,BJ,3,2,4.9
82,Male,399,BJ,5,3,nan
60,Male,498,BJ,4,2,5
60,Male,358,BJ,2,1,5
70,Female,508,BJ,4,2,nan
15,Female,218,BJ,2,2,5
58,Male,285,BJ,2,1,5
100,Female,650,BJ,5,4,5
65,Female,420,BJ,2,1,5
128,Male,588,BJ,6,4,nan
30,Female,288,BJ,2,1,nan
12,Female,298,BJ,2,1,5
20,Female,210,BJ,2,1,5
65,Female,475,BJ,4,2,5
60,Female,278,BJ,2,1,5
55,Female,458,BJ,2,1,5
30,Male,118,BJ,6,6,4.9
60,Male,698,BJ,4,3,nan
58,Female,428,BJ,2,1,4.8
50,Male,258,SH,2,1,5
80,Female,728,SH,6,3,nan
20,Female,188,SH,2,1,5
50,Male,368,SH,5,2,5
20,Male,479,SH,2,2,4.9
62,Female,528,SH,6,3,nan
60,Male,368,SH,4,2,4.9
23,Female,298,SH,3,1,5
44,Male,269,SH,2,2,4.9
15,Female,258,SH,2,1,4.9
60,Female,658,SH,4,2,4.9
15,Male,158,SH,2,1,4.8
100,Male,798,SH,9,6,5
20,Female,219,SH,2,1,nan
40,Male,368,SH,4,2,4.8
30,Female,378,SH,3,2,5
101,Male,436,SH,6,4,5
20,Female,188,SH,2,1,5
37,Female,399,SH,2,1,5
15,Female,149,SH,2,1,5
80,Female,600,SH,4,2,4.8
52,Male,480,SH,4,2,4.9
68,Female,298,SH,2,1,5
60,Male,418,SH,4,2,nan
62,Male,598,SH,2,2,4.9
56,Male,580,SH,2,1,4.6
9,Female,138,SH,1,1,5
50,Female,398,SH,4,2,4.7
60,Female,299,SH,5,5,4.8
95,Female,458,SH,7,4,4.8
78,Female,888,SH,2,1,5
11,Female,178,SH,1,1,5
100,Male,398,SH,4,3,5
78,Female,568,SH,4,2,nan
40,Male,468,SH,2,1,5
20,Male,185,SH,2,1,5
20,Female,238,SH,2,1,4.9
40,Male,428,SH,3,2,4.6
85,Female,750,SH,4,3,nan
12,Female,228,SH,2,1,4.2
55,Female,298,SH,2,1,5
20,Female,388,SH,3,2,nan
28,Male,335,SH,2,1,4.9
55,Male,398,SH,4,2,5
50,Female,500,SH,4,2,4.9
52,Male,228,SH,2,1,nan
10,Female,249,SH,2,1,5
32,Male,168,SH,2,1,nan
60,Male,499,SH,2,1,5
60,Female,450,SH,4,2,5
26,Female,298,SH,2,1,5
18,Female,198,SH,1,1,nan
50,Female,188,SH,2,1,5
30,Female,498,SH,2,2,4.6
122,Male,368,SH,4,2,5
200,Female,1080,SH,7,4,4.6
47,Female,318,SH,2,1,nan
120,Male,548,SH,6,3,5
20,Male,299,SH,2,1,4.9
82,Female,398,SH,4,2,nan
65,Female,699,SH,6,3,5
52,Male,398,SH,4,2,5
60,Female,588,SH,4,2,4.9
89,Male,598,SH,4,3,nan
40,Female,328,SH,2,1,4.8
48,Male,288,SH,2,2,5
110,Male,768,SH,9,3,4.9
28,Female,218,SH,2,1,4.7
30,Male,438,SH,2,1,4.8
20,Female,299,SH,2,2,5
80,Female,798,SH,5,3,5
69,Male,498,SH,2,2,4.9
100,Female,659,SH,4,3,5
14,Female,180,SH,2,1,4.2
30,Male,388,SH,2,1,5
40,Female,328,SH,3,2,5
22,Male,208,SH,2,1,5
12,Female,198,SH,2,1,4.9
50,Female,502,SH,2,1,nan
30,Male,388,SH,3,2,nan
10,Female,168,SH,1,1,4.7
18,Female,238,SH,2,1,5
88,Female,358,SH,4,2,5
20,Female,335,SH,2,1,4.9
29,Female,218,SH,2,1,5
13,Female,148,SH,2,1,5
80,Female,399,SH,6,3,nan
32,Male,260,SH,3,2,4.8
32,Male,280,SH,2,1,4.8
100,Female,798,SH,6,2,5
40,Female,318,SH,3,2,nan
35,Male,232,SH,2,1,4.9
57,Male,268,SH,2,2,5
75,Male,598,SH,6,3,nan
28,Female,328,SH,2,2,4.7
15,Female,198,SH,2,1,4.7
72,Female,598,SH,4,2,4.9
76,Male,568,SH,4,2,nan
90,Female,480,SH,4,2,5
32,Male,358,SH,4,2,4.9
89,Male,598,SH,4,2,nan
61,Female,368,SH,4,2,5
10,Female,138,SH,1,1,4.8
45,Male,258,SH,2,1,nan
108,Male,698,SH,6,4,nan
30,Female,368,SH,3,2,4.9
68,Female,398,SH,3,2,5
14,Female,246,SH,2,1,5
15,Female,297,SH,2,1,5
50,Male,598,SH,4,2,5
32,Male,320,SH,2,1,5
10,Female,259,SH,1,1,5
40,Female,308,SH,2,2,nan
52,Female,518,SH,4,2,4.6
110,Male,436,SH,6,3,5
115,Female,550,SH,2,1,4.9
15,Female,189,SH,2,1,nan
18,Male,238,SH,2,1,5
65,Male,288,SH,2,1,nan
55,Female,666,SH,2,2,5
18,Female,169,SH,2,1,4.9
90,Female,798,SH,6,4,5
60,Female,300,SH,5,3,4.9
40,Male,298,SH,2,2,4.9
17,Female,248,SH,2,1,4.6
23,Female,390,SH,2,1,4.9
37,Male,208,SH,2,1,4.9
40,Female,308,SH,2,1,4.8
18,Female,198,SH,2,1,nan
130,Male,860,SH,6,3,4.9
385,Female,1880,SH,10,9,nan
30,Female,378,SH,3,2,4.9
55,Female,568,SH,4,3,4.9
23,Female,208,SH,2,1,nan
35,Female,299,SH,2,1,4.8
16,Female,228,SH,2,1,5
20,Female,200,SH,2,1,5
20,Male,380,SH,2,2,nan
15,Male,218,SH,2,1,5
400,Female,3680,SH,10,12,nan
110,Male,566,SH,5,3,5
300,Female,1388,SH,9,4,5
50,Female,500,SH,4,2,nan
38,Male,238,SH,2,2,4.8
70,Female,700,SH,2,1,5
76,Male,498,SH,5,3,5
60,Male,308,SH,4,2,5
40,Female,328,SH,4,2,4.8
30,Male,388,SH,3,1,4.9
12,Female,100,SH,1,1,4.9
39,Female,399,SH,3,2,4.9
40,Male,380,SH,3,2,5
50,Female,499,SH,3,1,4.8
126,Male,636,SH,6,3,4.9
55,Male,588,SH,2,1,5
20,Female,268,SH,2,1,4.6
45,Male,598,SH,2,1,5
15,Female,218,SH,1,1,5
65,Female,628,SH,4,2,4.8
15,Female,158,SH,1,1,5
18,Female,288,SH,1,1,4.9
90,Male,428,SH,6,3,4.8
20,Female,269,SH,2,1,5
25,Male,118,SH,2,1,5
80,Male,439,SH,4,2,5
20,Male,229,SH,2,1,4.4
30,Female,498,SH,2,1,4.9
23,Male,158,SH,2,1,5
50,Female,445,SH,4,2,nan
86,Female,398,SH,4,2,nan
32,Male,320,SH,2,1,4.9
269,Female,2600,SH,10,7,nan
28,Female,338,SH,2,1,4.9
30,Female,288,SH,2,1,4.6
15,Male,368,SH,2,1,nan
50,Male,899,SH,2,1,4.8
157,Female,1200,SH,7,3,nan
35,Male,358,SH,4,2,4.8
35,Male,428,SH,2,1,5
35,Female,398,SH,4,2,5
90,Female,700,SH,4,2,5
62,Female,299,SH,4,2,5
45,Male,500,SH,4,2,5
30,Female,299,SH,4,2,4.7
110,Male,536,SH,6,4,4.8
90,Female,618,SH,6,3,4.9
20,Female,176,SH,1,1,5
30,Female,430,SH,2,1,4.8
11,Female,165,SH,1,1,5
8,Female,158,SH,1,1,5
35,Male,238,SH,2,1,4.9
78,Female,628,SH,4,2,5
20,Female,200,SH,2,1,5
30,Female,388,SH,3,2,5
20,Female,178,SH,1,1,5
98,Male,898,SH,3,2,5
25,Female,299,SH,2,2,nan
69,Female,300,SH,4,3,4.9
20,Female,228,SH,2,1,4.9
40,Female,399,SH,4,2,4.9
168,Female,899,SH,6,3,4.9
20,Female,298,SH,2,1,4.8
68,Female,528,SH,4,3,4.9
25,Female,188,SH,1,1,5
88,Female,528,SH,4,2,4.9
60,Female,338,SH,3,2,5
52,Male,598,SH,4,2,5
10,Male,158,SH,2,1,5
70,Male,668,SH,4,2,5
56,Female,529,SH,6,3,5
60,Female,498,SH,4,2,5
93,Female,529,SH,7,4,4.9
60,Male,380,SH,4,2,5
15,Male,185,SH,2,1,4.8
120,Female,899,SH,6,3,5
80,Male,598,SH,4,2,4.7
120,Male,1980,SH,4,3,5
20,Female,258,SH,2,1,4.7
71,Male,458,SH,4,2,5
70,Male,588,SH,2,1,4.9
42,Female,339,SH,2,1,5
55,Male,358,SH,2,2,4.8
30,Female,288,SH,3,2,4.9
15,Female,359,SH,2,1,5
35,Female,328,SH,3,2,5
18,Male,178,SH,2,1,5
90,Female,688,SH,6,3,5
18,Female,288,SH,2,1,nan
78,Male,998,SH,4,2,4.8
13,Male,158,SH,1,1,5
90,Male,398,SH,6,3,5
45,Female,330,SH,2,1,4.8
45,Male,369,SH,4,2,4.9
18,Male,198,SH,2,1,4.9
45,Female,289,SH,4,2,5
47,Male,318,SH,3,2,4.9
95,Female,658,SH,6,4,4.9
30,Female,378,SH,3,2,5
80,Male,278,SH,6,4,4.9
35,Female,360,SH,2,1,4.9
80,Male,380,SH,6,2,5
16,Female,228,SH,2,1,4.9
36,Male,269,SH,2,2,4.9
15,Female,178,SH,2,1,5
42,Female,298,SH,2,1,5
62,Male,388,SH,4,2,4.8
15,Male,238,SH,2,1,4.9
40,Male,518,SH,4,2,nan
60,Male,788,SH,3,2,5
60,Female,280,SH,3,2,5
70,Female,658,SH,4,2,4.9
65,Female,428,SH,4,2,4.9
55,Female,308,SH,2,1,5
48,Male,448,SH,2,2,5
32,Female,288,SH,2,1,4.7
70,Female,677,SH,2,1,5
27,Male,259,SH,2,1,5
62,Male,325,SH,2,1,5
48,Female,498,SH,2,1,5
15,Male,250,SH,2,1,4.9
70,Female,394,SH,4,2,4.8
45,Male,388,SH,4,2,5
48,Female,580,SH,2,1,nan
35,Male,500,SH,2,1,5
110,Female,800,SH,4,2,nan
365,Female,3000,SH,10,9,nan
92,Male,368,SH,4,2,nan
20,Male,258,SH,2,1,4.9
38,Female,458,SH,2,1,nan
48,Male,366,SH,2,1,5
16,Female,268,SH,2,1,nan
50,Male,218,SH,2,1,5
62,Female,448,SH,4,2,nan
70,Female,599,SH,2,2,5
25,Female,718,SH,4,2,5
108,Female,628,SH,4,2,5
30,Female,458,SH,2,2,nan
20,Male,258,SH,4,1,4.9
50,Female,368,SH,2,1,5
80,Male,288,SH,6,4,4.8
53,Female,398,SH,2,1,nan
60,Male,568,SH,4,2,5
42,Male,299,SH,2,1,4.9
35,Male,389,SH,2,1,4.9
110,Female,899,SH,2,2,5
51,Female,398,SH,4,2,5
30,Female,339,SH,2,1,nan
85,Male,288,SH,5,3,4.9
55,Female,488,SH,2,2,4.8
15,Female,278,SH,2,1,5
100,Female,699,SH,4,3,5
18,Female,288,SH,2,1,5
130,Female,888,SH,8,4,5
60,Female,558,SH,4,2,nan
25,Male,266,SH,2,1,5
87,Female,368,SH,4,2,nan
80,Male,498,SH,6,3,5
50,Female,560,SH,2,1,nan
50,Female,401,SH,2,2,nan
20,Male,205,SH,2,1,5
18,Male,128,GZ,2,1,5
38,Female,348,GZ,4,2,5
60,Female,398,GZ,4,2,5
50,Female,369,GZ,2,1,5
20,Female,288,GZ,3,2,5
20,Female,258,GZ,3,2,5
55,Female,268,GZ,2,2,nan
80,Female,348,GZ,4,2,5
53,Male,238,GZ,4,2,4.8
80,Female,398,GZ,4,2,5
25,Female,168,GZ,2,1,5
20,Female,168,GZ,2,1,4.8
8,Female,138,GZ,1,1,4.9
220,Female,898,GZ,10,6,5
18,Female,210,GZ,1,1,5
32,Male,338,GZ,2,1,4.9
235,Male,1285,GZ,10,6,5
65,Female,358,GZ,4,2,5
79,Male,358,GZ,3,3,4.9
40,Male,296,GZ,2,1,nan
75,Female,368,GZ,5,4,5
15,Female,228,GZ,2,1,5
120,Female,698,GZ,7,5,5
65,Female,388,GZ,6,3,5
70,Female,318,GZ,3,2,5
83,Male,388,GZ,4,2,5
85,Male,438,GZ,6,2,4.9
83,Male,408,GZ,4,2,5
178,Male,788,GZ,8,4,5
25,Male,168,GZ,2,1,4.9
88,Female,388,GZ,6,3,nan
12,Female,165,GZ,1,1,4.9
63,Male,368,GZ,4,2,4.9
29,Female,299,GZ,3,2,nan
72,Male,398,GZ,4,3,5
50,Female,369,GZ,4,2,5
15,Male,75,GZ,2,1,4.9
80,Female,498,GZ,4,3,5
10,Male,148,GZ,2,1,nan
32,Female,298,GZ,2,1,nan
180,Female,1288,GZ,9,4,nan
20,Male,88,GZ,2,1,4.9
105,Female,698,GZ,10,4,4.9
65,Female,398,GZ,4,2,4.9
18,Female,128,GZ,2,1,4
80,Female,498,GZ,4,2,nan
15,Male,198,GZ,2,1,4.8
132,Male,498,GZ,9,3,4.9
70,Female,358,GZ,4,4,4.9
20,Female,168,GZ,2,1,5
110,Male,720,GZ,6,3,5
70,Female,358,GZ,4,2,5
80,Female,388,GZ,4,2,5
50,Male,328,GZ,2,1,5
35,Female,298,GZ,2,1,5
13,Female,150,GZ,2,1,4.8
140,Male,368,GZ,6,5,nan
62,Female,568,GZ,6,3,nan
90,Female,598,GZ,4,2,nan
100,Female,598,GZ,4,3,nan
60,Female,368,GZ,3,4,5
75,Male,399,GZ,4,2,5
39,Male,198,GZ,2,1,4.9
40,Female,228,GZ,2,1,4.9
12,Female,188,GZ,2,1,nan
15,Female,168,GZ,1,1,4.9
40,Female,268,GZ,3,1,5
42,Male,450,GZ,2,1,4.9
72,Male,438,GZ,4,2,5
24,Female,240,GZ,2,1,4.8
80,Female,359,GZ,4,2,4.9
129,Female,999,GZ,9,7,nan
28,Female,258,GZ,2,1,nan
350,Female,980,GZ,10,8,nan
130,Female,688,GZ,8,5,5
68,Female,398,GZ,2,1,5
90,Male,588,GZ,2,1,4.9
25,Male,139,GZ,2,1,nan
80,Female,398,GZ,4,2,nan
30,Male,158,GZ,4,2,5
110,Male,499,GZ,4,3,4.9
38,Female,388,GZ,2,1,4.9
15,Male,148,GZ,2,1,5
258,Male,1388,GZ,10,6,5
55,Female,338,GZ,2,1,nan
38,Female,299,GZ,5,3,4.9
33,Female,310,GZ,3,2,4.9
80,Female,348,GZ,4,2,4.8
130,Female,599,GZ,7,4,5
12,Male,165,GZ,2,1,4.9
85,Female,439,GZ,4,3,nan
12,Female,159,GZ,2,1,5
90,Female,556,GZ,6,3,4.9
65,Female,268,GZ,2,2,4.5
20,Male,118,GZ,2,1,4.9
88,Male,538,GZ,4,2,5
50,Female,328,GZ,2,1,4.7
75,Female,398,GZ,4,2,5
140,Female,790,GZ,8,4,4.7
140,Female,499,GZ,4,2,nan
350,Female,1180,GZ,10,8,nan
60,Female,328,GZ,4,2,nan
20,Female,198,GZ,2,1,nan
126,Female,671,GZ,6,3,nan
42,Male,388,GZ,2,1,4.9
90,Female,568,GZ,7,4,5
35,Male,188,GZ,2,1,5
68,Female,338,GZ,4,2,5
70,Male,298,GZ,4,2,nan
75,Female,498,GZ,4,3,5
30,Female,238,GZ,2,1,5
55,Male,358,GZ,4,2,5
50,Female,468,GZ,2,1,4.9
12,Female,138,GZ,2,1,nan
35,Female,238,GZ,2,2,nan
62,Female,288,GZ,4,2,4.8
110,Female,590,GZ,6,3,5
20,Female,208,GZ,2,1,4.7
128,Female,698,GZ,8,3,4.9
50,Female,268,GZ,4,3,5
58,Female,298,GZ,3,2,5
70,Female,388,GZ,6,3,5
20,Female,188,GZ,2,1,5
25,Female,197,GZ,2,1,nan
78,Female,333,GZ,4,2,5
48,Male,330,GZ,2,1,5
40,Male,199,GZ,2,2,4.7
40,Female,368,GZ,4,2,4.7
130,Female,1180,GZ,9,6,5
91,Female,651,GZ,6,3,5
86,Female,388,GZ,8,3,5
42,Female,338,GZ,2,3,5
20,Female,168,GZ,1,1,4.9
95,Female,258,GZ,2,3,4.7
40,Female,328,GZ,2,1,4.9
120,Female,550,GZ,7,6,5
118,Male,858,GZ,4,3,5
23,Female,260,GZ,3,2,4.8
80,Female,438,GZ,4,4,4.8
53,Female,398,GZ,4,2,4.7
55,Male,445,GZ,2,1,4.9
49,Male,528,GZ,5,2,5
30,Female,218,GZ,2,1,4.7
180,Female,830,GZ,8,4,5
140,Male,300,GZ,6,4,nan
60,Male,419,GZ,5,3,5
90,Female,599,GZ,6,3,4.9
78,Male,338,GZ,6,3,5
10,Male,186,GZ,2,1,5
50,Female,288,GZ,2,2,4.9
86,Male,458,GZ,6,3,nan
42,Male,209,GZ,2,1,4.8
8,Male,68,GZ,1,1,5
33,Male,286,GZ,2,1,4.9
68,Female,388,GZ,2,1,4.9
80,Female,398,GZ,6,3,5
68,Female,398,GZ,2,1,5
80,Female,388,GZ,4,2,5
20,Female,120,GZ,2,1,nan
60,Female,398,GZ,4,2,5
8,Male,138,GZ,2,1,5
90,Female,628,GZ,6,3,4.6
20,Female,198,GZ,2,1,5
50,Female,488,GZ,4,2,4.9
68,Female,388,GZ,4,2,5
10,Female,110,GZ,1,1,5
18,Female,159,GZ,2,1,5
38,Female,268,GZ,3,2,5
60,Female,258,GZ,2,1,4.7
90,Female,666,GZ,5,3,5
12,Male,189,GZ,2,1,5
95,Female,398,GZ,7,5,4.9
40,Female,258,GZ,3,2,5
68,Male,508,GZ,5,4,5
65,Female,388,GZ,5,3,4.9
28,Female,49,GZ,1,1,5
70,Female,368,GZ,4,2,5
43,Female,328,GZ,4,2,4.9
60,Female,372,GZ,4,2,5
110,Male,328,GZ,2,1,5
20,Female,255,GZ,2,1,4.8
9,Male,138,GZ,2,1,4.9
58,Female,298,GZ,3,2,5
52,Male,268,GZ,4,2,5
8,Male,179,GZ,2,1,5
65,Female,328,GZ,4,2,5
50,Male,248,GZ,5,2,4.9
148,Male,169,GZ,2,1,5
20,Male,68,GZ,1,1,5
60,Female,330,GZ,2,1,5
18,Male,98,GZ,2,1,5
8,Male,128,GZ,2,1,4.9
12,Female,185,GZ,2,1,4.9
40,Male,188,GZ,2,1,5
60,Female,358,GZ,4,2,5
100,Female,668,GZ,6,3,5
101,Female,358,GZ,5,4,5
135,Female,999,GZ,10,7,4.9
20,Male,188,GZ,2,1,nan
50,Female,298,GZ,4,2,4.8
5,Female,128,GZ,2,1,4.8
85,Male,498,GZ,4,3,4.9
106,Female,538,GZ,9,5,4.9
135,Female,999,GZ,9,6,nan
133,Female,699,GZ,7,4,4.9
114,Female,688,GZ,6,4,4.9
65,Female,358,GZ,4,2,5
50,Male,366,GZ,3,2,5
6,Female,118,GZ,1,1,5
15,Female,119,GZ,1,1,5
80,Male,520,GZ,6,3,5
60,Male,448,GZ,4,2,5
28,Female,87,GZ,1,1,5
110,Female,600,GZ,8,5,4.9
79,Female,390,GZ,4,2,5
10,Female,99,GZ,2,1,4.9
40,Female,238,GZ,4,3,5
42,Female,238,GZ,4,3,5
52,Female,248,GZ,4,3,4.9
15,Female,188,GZ,2,1,5
106,Female,599,GZ,8,4,5
18,Female,128,GZ,2,1,nan
35,Female,348,GZ,2,1,4.5
51,Female,428,GZ,5,5,5
18,Male,188,GZ,2,1,5
92,Female,438,GZ,5,4,5
90,Male,588,GZ,6,3,4.9
97,Female,588,GZ,6,3,5
38,Female,238,GZ,2,1,4.8
155,Male,1285,GZ,10,7,5
12,Male,99,GZ,1,1,5
12,Male,165,GZ,2,1,5
60,Female,328,GZ,4,3,5
75,Female,388,GZ,4,2,5
90,Male,616,GZ,6,3,5
12,Female,128,GZ,2,1,5
60,Female,528,GZ,5,3,4.9
38,Male,339,GZ,4,2,4.8
42,Female,278,GZ,2,1,4.9
90,Female,690,GZ,4,2,4.9
78,Male,388,GZ,6,3,5
15,Female,198,GZ,2,1,5
35,Male,269,GZ,3,2,5
76,Female,338,GZ,5,2,nan
67,Female,566,GZ,4,2,5
75,Male,328,GZ,4,2,4.8
70,Female,318,GZ,3,2,4.9
12,Male,238,GZ,2,1,5
90,Male,588,GZ,6,3,5
40,Female,238,GZ,2,1,4.9
10,Male,216,GZ,2,1,5
120,Male,428,GZ,6,3,5
18,Male,188,GZ,2,1,5
15,Female,170,GZ,2,1,5
80,Male,368,GZ,4,3,5
90,Male,368,GZ,6,3,nan
61,Male,328,GZ,4,2,5
65,Female,528,GZ,4,2,4.9
15,Female,195,GZ,2,1,4.9
70,Female,368,GZ,4,2,4.9
12,Female,88,GZ,1,1,5
80,Female,398,GZ,4,3,5
14,Female,165,GZ,2,1,5
20,Male,168,GZ,2,1,nan
10,Male,226,GZ,2,1,5
70,Female,458,GZ,3,2,5
60,Female,398,GZ,4,2,5
13,Female,228,GZ,2,1,4.8
38,Female,298,GZ,2,1,nan
30,Female,238,GZ,2,1,4.6
48,Male,298,GZ,4,2,nan
102,Male,368,GZ,4,2,5
88,Male,399,GZ,5,3,5
104,Female,418,GZ,7,4,5
62,Female,568,GZ,4,2,4.8
60,Male,378,GZ,4,2,nan
36,Female,368,GZ,3,1,4.9
45,Female,358,GZ,4,2,4.9
15,Female,159,GZ,2,1,5
55,Female,382,GZ,4,2,nan
58,Male,298,GZ,4,2,4.9
56,Female,328,GZ,4,2,5
20,Female,238,GZ,2,1,5
68,Female,458,GZ,2,2,4.9
30,Male,298,GZ,2,2,nan
80,Male,348,GZ,4,2,5
41,Male,188,GZ,2,1,nan
30,Female,298,GZ,4,2,5
50,Female,328,GZ,2,1,4.8
87,Male,438,GZ,4,2,5
30,Male,315,GZ,3,2,nan
10,Female,99,GZ,1,1,5
95,Male,458,GZ,6,3,nan
90,Male,498,GZ,4,3,4.9
150,Male,799,GZ,8,4,nan
15,Female,158,GZ,1,1,4.9
20,Male,188,GZ,2,1,nan
20,Female,198,GZ,2,1,5
33,Female,298,GZ,2,1,nan
6,Female,138,SZ,1,1,5
70,Male,668,SZ,6,3,5
100,Female,788,SZ,6,3,4.9
17,Female,180,SZ,1,1,4.9
20,Male,136,SZ,2,1,4.9
55,Female,318,SZ,4,2,5
35,Female,151,SZ,2,1,5
50,Female,403,SZ,2,1,4.6
30,Female,298,SZ,3,2,5
80,Male,358,SZ,6,3,5
20,Female,135,SZ,2,1,5
10,Male,96,SZ,1,1,5
14,Female,198,SZ,2,1,5
18,Female,168,SZ,2,1,nan
60,Female,328,SZ,4,3,4.8
25,Female,118,SZ,2,1,5
12,Female,178,SZ,2,1,4.8
30,Female,158,SZ,2,1,5
50,Female,368,SZ,3,2,4.9
17,Female,108,SZ,2,1,5
65,Female,458,SZ,4,2,nan
43,Male,321,SZ,2,1,5
45,Male,380,SZ,5,2,5
60,Female,448,SZ,4,2,nan
80,Male,298,SZ,4,2,4.9
35,Female,100,SZ,2,1,4.8
43,Female,389,SZ,2,1,5
100,Female,588,SZ,8,4,5
10,Female,139,SZ,2,1,5
15,Female,188,SZ,2,1,4.9
15,Female,198,SZ,2,1,nan
15,Female,189,SZ,1,1,5
10,Female,110,SZ,1,1,5
35,Female,199,SZ,2,1,4.8
120,Male,599,SZ,6,4,4.6
40,Male,360,SZ,4,2,nan
16,Male,103,SZ,2,1,4.9
68,Female,498,SZ,4,2,nan
35,Female,225,SZ,4,1,5
120,Female,788,SZ,8,4,5
180,Male,1590,SZ,6,3,nan
9,Female,130,SZ,1,1,5
70,Female,528,SZ,6,3,nan
20,Female,188,SZ,2,1,4.9
75,Female,498,SZ,5,3,nan
80,Female,688,SZ,5,3,4.9
75,Female,598,SZ,6,3,4.9
20,Female,298,SZ,2,1,4.9
8,Female,98,SZ,2,1,nan
35,Female,368,SZ,2,1,nan
18,Female,135,SZ,2,1,nan
90,Female,512,SZ,4,2,nan
15,Female,128,SZ,2,1,5
8,Female,98,SZ,1,1,4.9
15,Male,66,SZ,2,1,5
85,Male,488,SZ,5,2,5
82,Female,488,SZ,5,3,4.7
15,Female,118,SZ,2,1,4.9
42,Male,339,SZ,2,1,nan
20,Male,103,SZ,2,1,4.8
100,Female,658,SZ,5,3,5
86,Female,608,SZ,6,3,nan
40,Female,308,SZ,3,2,4.9
69,Male,398,SZ,2,1,4.8
67,Female,580,SZ,3,2,nan
45,Female,358,SZ,2,1,5
86,Female,620,SZ,6,3,4.9
8,Female,89,SZ,2,1,4.9
120,Male,608,SZ,5,3,nan
15,Female,188,SZ,2,1,5
15,Female,166,SZ,2,1,nan
75,Female,458,SZ,5,3,5
97,Male,338,SZ,5,3,4.9
112,Female,988,SZ,8,4,nan
68,Female,238,SZ,2,1,5
108,Female,388,SZ,6,3,5
40,Female,358,SZ,4,2,4.9
10,Male,148,SZ,2,1,4.9
100,Female,239,SZ,2,1,5
7,Male,328,SZ,2,1,nan
20,Female,158,SZ,2,1,5
25,Female,155,SZ,2,1,5
38,Male,318,SZ,2,1,nan
15,Male,103,SZ,2,1,4.8
15,Female,180,SZ,2,1,4.9
9,Male,388,SZ,2,1,nan
10,Female,138,SZ,2,1,5
13,Male,82,SZ,1,1,nan
26,Male,148,SZ,2,1,nan
100,Male,188,SZ,2,1,5
53,Male,328,SZ,3,2,4.8
130,Male,698,SZ,6,3,nan
120,Female,728,SZ,4,2,nan
10,Female,99,SZ,1,1,4.9
80,Female,598,SZ,6,3,5
78,Female,498,SZ,5,3,4.9
23,Male,126,SZ,2,1,4.8
50,Female,448,SZ,2,1,5
20,Male,148,SZ,2,1,nan
18,Female,138,SZ,2,1,4.9
20,Female,388,SZ,2,1,5
20,Female,139,SZ,2,1,5
63,Female,458,SZ,4,4,nan
20,Female,228,SZ,3,2,4.8
25,Male,178,SZ,2,1,4.9
125,Female,600,SZ,6,3,4.9
12,Female,139,SZ,2,1,5
12,Male,258,SZ,2,1,nan
35,Female,268,SZ,2,2,4.9
70,Female,299,SZ,4,2,nan
150,Female,688,SZ,9,5,4.8
12,Female,139,SZ,2,1,5
12,Female,298,SZ,2,2,5
20,Female,135,SZ,2,1,5
35,Female,68,SZ,1,1,5
45,Female,436,SZ,2,1,nan
42,Female,248,SZ,2,1,4.8
54,Male,398,SZ,4,2,4.7
13,Female,188,SZ,2,1,nan
15,Female,258,SZ,2,1,5
18,Female,149,SZ,2,1,5
15,Male,139,SZ,2,1,5
20,Female,188,SZ,2,1,5
55,Male,388,SZ,2,1,4.9
108,Female,628,SZ,6,3,4.6
13,Male,82,SZ,1,1,5
41,Female,328,SZ,2,1,4.9
80,Female,525,SZ,5,3,4.7
15,Female,128,SZ,2,1,5
25,Female,98,SZ,1,1,5
20,Female,149,SZ,1,1,5
10,Female,129,SZ,2,1,5
24,Male,138,SZ,2,2,5
42,Male,320,SZ,2,1,nan
18,Female,238,SZ,2,1,4.9
88,Female,680,SZ,5,3,nan
50,Female,448,SZ,2,1,5
30,Female,268,SZ,2,1,nan
48,Male,268,SZ,2,1,nan
20,Male,146,SZ,2,1,5
20,Female,150,SZ,2,1,5
120,Female,1480,SZ,8,6,5
48,Male,268,SZ,2,1,5
35,Male,208,SZ,2,1,4.8
20,Female,198,SZ,1,1,4.9
60,Female,447,SZ,4,2,5
25,Female,650,SZ,2,1,5
15,Male,82,SZ,1,1,4.8
40,Female,328,SZ,2,1,4.8
40,Female,298,SZ,2,2,4.9
90,Male,498,SZ,6,3,5
110,Male,758,SZ,5,3,4.9
46,Female,398,SZ,4,2,4.7
99,Female,598,SZ,4,3,5
62,Female,398,SZ,4,3,5
60,Female,428,SZ,4,2,4.8
65,Female,428,SZ,4,2,5
68,Male,628,SZ,4,2,4.9
127,Female,1528,SZ,8,4,nan
35,Female,408,SZ,2,1,5
10,Female,101,SZ,2,1,4.7
148,Male,459,SZ,7,4,4.9
23,Female,158,SZ,2,1,5
70,Female,1498,SZ,4,2,5
65,Female,398,SZ,4,3,nan
90,Male,628,SZ,5,3,5
12,Female,168,SZ,2,1,nan
68,Male,438,SZ,3,2,4.9
60,Female,428,SZ,3,2,4.7
10,Female,168,SZ,2,1,4.9
18,Female,135,SZ,2,1,5
48,Female,328,SZ,2,1,5
36,Male,358,SZ,2,1,5
113,Female,488,SZ,6,5,5
130,Male,698,SZ,7,5,4.9
45,Male,318,SZ,2,1,4.7
12,Male,128,SZ,2,1,4.9
40,Female,398,SZ,2,1,5
28,Female,139,SZ,2,1,4.8
37,Female,380,SZ,4,2,4.9
80,Female,750,SZ,6,4,nan
15,Female,128,SZ,2,1,5
7,Female,228,SZ,1,1,4.9
170,Female,568,SZ,8,4,5
105,Female,628,SZ,5,3,nan
25,Female,188,SZ,2,1,nan
64,Male,558,SZ,4,2,4.9
12,Female,199,SZ,2,1,5
27,Female,168,SZ,2,1,5
10,Male,116,SZ,1,1,5
13,Male,82,SZ,1,1,4.8
25,Male,166,SZ,2,1,5
16,Female,228,SZ,3,1,5
10,Female,128,SZ,2,1,nan
25,Female,118,SZ,2,1,5
25,Female,248,SZ,2,1,5
93,Male,1008,SZ,6,3,nan
12,Female,178,SZ,2,1,4.9
9,Female,120,SZ,1,1,5
6,Female,138,SZ,1,1,5
45,Female,328,SZ,2,2,5
30,Male,178,SZ,2,1,5
60,Female,268,SZ,4,1,5
35,Female,168,SZ,3,1,4.8
60,Female,368,SZ,5,3,5
40,Female,348,SZ,2,1,5
77,Male,498,SZ,6,3,5
15,Female,118,SZ,2,1,4.9
90,Male,550,SZ,6,3,5
60,Male,558,SZ,4,2,5
128,Female,866,SZ,6,3,5
48,Male,258,SZ,2,1,4.8
13,Female,128,SZ,2,1,4.9
20,Female,258,SZ,2,1,5
88,Male,388,SZ,5,3,4.9
10,Female,168,SZ,1,1,4.9
37,Male,300,SZ,2,1,nan
42,Female,288,SZ,3,2,nan
35,Female,268,SZ,3,2,4.9
40,Female,308,SZ,2,1,4.8
120,Female,888,SZ,8,4,4.9
60,Female,500,SZ,4,2,5
140,Female,888,SZ,8,4,5
20,Male,176,SZ,2,1,4.9
30,Female,66,SZ,1,1,4.9
108,Female,980,SZ,6,3,nan
15,Female,139,SZ,2,1,5
10,Female,138,SZ,1,1,5
55,Male,368,SZ,4,2,5
20,Female,183,SZ,1,1,5
52,Female,358,SZ,5,3,nan
55,Male,278,SZ,3,2,4.8
15,Female,138,SZ,2,1,5
70,Female,349,SZ,5,3,nan
40,Male,238,SZ,2,2,4.9
125,Male,448,SZ,6,4,5
88,Male,498,SZ,4,3,5
40,Female,308,SZ,2,1,4.9
86,Female,620,SZ,6,3,4.8
9,Female,110,SZ,1,1,4.8
40,Female,259,SZ,3,2,5
9,Female,125,SZ,1,1,4.9
95,Female,368,SZ,4,2,4.8
12,Male,82,SZ,1,1,4.8
32,Female,268,SZ,2,1,4.9
12,Female,168,SZ,1,1,5
90,Female,558,SZ,6,3,nan
50,Female,308,SZ,2,1,4.6
10,Female,98,SZ,2,1,4.9
15,Male,118,SZ,2,1,5
40,Female,308,SZ,2,1,4.9
20,Female,140,SZ,1,1,5
13,Male,82,SZ,1,1,4.9
62,Female,238,SZ,4,3,5
15,Female,178,SZ,1,1,4.9
40,Female,248,SZ,2,2,5
50,Female,288,SZ,3,2,nan
6,Female,85,SZ,1,1,5
25,Female,138,SZ,2,1,5
68,Female,438,SZ,3,2,4.9
70,Male,588,SZ,3,2,4.9
20,Female,158,SZ,2,1,4.7
16,Female,198,SZ,2,1,5
12,Female,158,SZ,2,1,5
90,Male,1298,SZ,7,5,nan
53,Female,338,SZ,4,3,4.9
70,Female,499,SZ,5,2,4.9
20,Female,148,SZ,1,1,5
40,Female,235,SZ,3,2,nan
45,Female,268,SZ,2,1,4.9
86,Male,589,SZ,4,2,nan
80,Female,618,SZ,4,2,5
78,Female,498,SZ,4,3,5
60,Female,385,SZ,3,2,4.7
110,Female,658,SZ,6,3,nan
55,Female,368,SZ,5,3,5
40,Male,320,SZ,2,1,4.9
65,Female,399,SZ,4,2,5
55,Female,698,SZ,2,1,5
51,Female,308,SZ,2,1,4.9
90,Female,559,SZ,6,3,nan
60,Male,358,SZ,4,2,5
100,Male,799,SZ,9,4,4.9
30,Female,168,SZ,2,1,4.9
72,Male,868,SZ,4,2,5
83,Female,699,SZ,2,2,nan
15,Female,139,SZ,2,1,5
108,Male,658,SZ,5,3,nan
20,Female,158,SZ,1,1,5
40,Female,308,SZ,2,2,4.9
100,Male,888,SZ,6,3,5
55,Female,498,SZ,4,2,nan
18,Female,186,SZ,1,1,4.9
50,Female,398,SZ,2,1,nan
58,Female,388,SZ,3,2,5
55,Male,438,SZ,3,2,nan
20,Female,193,SZ,1,1,5
40,Female,328,SZ,2,1,4.8
120,Male,438,SZ,6,3,5
80,Female,550,SZ,4,2,nan
22,Female,188,CS,2,1,5
96,Male,299,CS,4,2,5
129,Female,628,CS,6,3,nan
80,Male,418,CS,4,2,5
38,Female,118,CS,2,1,4.8
80,Female,369,CS,4,2,4.9
45,Female,188,CS,2,1,5
45,Female,188,CS,2,1,4.7
70,Male,398,CS,4,2,4.9
13,Female,128,CS,2,1,4.9
39,Female,128,CS,2,1,nan
108,Male,558,CS,6,3,5
12,Female,138,CS,2,1,5
55,Male,338,CS,3,2,5
130,Female,528,CS,6,3,5
60,Female,398,CS,4,2,nan
65,Male,338,CS,3,2,5
40,Male,368,CS,5,2,5
28,Male,148,CS,3,2,5
110,Male,498,CS,6,3,5
129,Male,399,CS,7,3,5
76,Male,368,CS,4,2,4.8
130,Male,368,CS,4,2,nan
90,Male,490,CS,4,2,4.9
120,Female,168,CS,6,3,5
66,Female,308,CS,4,3,5
53,Female,198,CS,2,2,4.9
130,Female,328,CS,8,6,nan
30,Male,268,CS,2,1,nan
40,Male,118,CS,2,1,4.9
35,Female,178,CS,2,1,nan
40,Male,218,CS,2,1,5
20,Female,69,CS,2,1,5
70,Female,249,CS,4,2,4.8
137,Female,568,CS,8,3,nan
12,Female,45,CS,2,1,4.7
53,Male,168,CS,2,2,nan
124,Female,138,CS,3,1,nan
82,Female,288,CS,4,5,nan
15,Female,75,CS,2,1,4.9
20,Female,138,CS,2,1,nan
86,Female,348,CS,4,2,nan
20,Female,80,CS,2,1,5
100,Male,368,CS,4,2,nan
82,Male,398,CS,4,2,nan
80,Female,488,CS,4,2,5
18,Female,98,CS,2,1,nan
58,Male,168,CS,4,2,nan
140,Female,528,CS,6,3,nan
75,Male,368,CS,4,2,nan
200,Female,1600,CS,10,8,4.8
20,Male,168,CS,4,2,nan
40,Female,368,CS,2,1,nan
120,Female,488,CS,5,3,4.8
108,Female,320,CS,4,2,5
63,Male,488,CS,2,1,5
40,Female,139,CS,2,1,nan
46,Female,128,CS,2,1,nan
45,Female,158,CS,2,1,nan
40,Female,158,CS,2,1,nan
45,Male,158,CS,2,1,nan
45,Female,188,CS,2,1,nan
60,Female,270,CS,4,2,nan
75,Female,328,CS,4,2,nan
35,Male,288,CS,2,1,nan
62,Female,178,CS,2,1,nan
40,Female,178,CS,2,1,nan
200,Female,880,CS,4,3,nan
30,Male,168,CS,2,1,4.6
95,Male,100,CS,2,1,nan
94,Female,358,CS,4,2,nan
45,Female,188,CS,2,1,nan
30,Male,188,CS,4,2,nan
25,Female,120,CS,2,1,nan
20,Female,280,CS,2,1,4.9
78,Female,298,CS,3,2,nan
60,Female,199,CS,9,2,nan
110,Male,388,CS,7,4,nan
85,Female,338,CS,4,2,5
20,Female,118,CS,4,1,nan
135,Male,518,CS,9,5,5
40,Male,99,CS,2,1,nan
42,Male,128,CS,2,1,nan
34,Male,98,CS,2,2,4.6
10,Female,88,CS,1,1,nan
47,Male,79,CS,2,1,nan
16,Male,88,CS,2,1,nan
12,Female,108,CS,2,1,nan
30,Female,188,CS,2,1,nan
42,Female,188,CS,2,1,nan
94,Male,488,CS,6,3,nan
47,Male,89,CS,2,1,nan
40,Female,178,CS,2,1,nan
30,Male,258,CS,2,1,nan
50,Female,228,CS,4,2,nan
55,Male,238,CS,4,2,nan
48,Male,168,CS,2,1,nan
16,Male,148,CS,2,1,4.7
100,Male,338,CS,7,3,nan
18,Male,138,CS,2,1,nan
88,Female,298,CS,4,2,nan
130,Female,658,CS,6,4,5
45,Male,198,CS,2,2,nan
124,Female,120,CS,2,1,nan
70,Male,208,CS,4,2,nan
130,Female,428,CS,6,3,nan
90,Female,295,CS,4,2,nan
40,Female,88,CS,2,1,5
90,Female,428,CS,4,2,nan
80,Female,488,CS,4,2,nan
700,Male,1520,CS,10,15,nan
68,Male,208,CS,4,2,nan
98,Male,158,CS,4,2,nan
101,Female,348,CS,4,2,nan
70,Male,208,CS,4,2,nan
52,Male,298,CS,2,1,nan
186,Male,660,CS,10,3,nan
10,Female,99,CS,1,1,nan
40,Male,228,CS,2,1,nan
68,Male,368,CS,3,2,nan
50,Female,198,CS,2,1,nan
40,Female,158,CS,2,1,4.7
35,Male,95,CS,2,1,nan
92,Female,268,CS,4,2,nan
90,Male,368,CS,5,2,4.9
33,Male,78,CS,2,1,nan
12,Female,68,CS,2,1,nan
108,Male,368,CS,6,2,nan
32,Female,88,CS,2,2,4.6
38,Male,118,CS,2,1,4.8
138,Female,698,CS,8,4,5
42,Male,138,CS,2,1,nan
90,Male,468,CS,4,2,nan
20,Female,69,CS,2,1,5
38,Male,98,CS,2,1,4.4
15,Female,69,CS,2,1,nan
94,Female,268,CS,4,2,nan
20,Female,138,CS,2,1,nan
45,Female,248,CS,2,1,5
170,Female,398,CS,6,3,nan
14,Female,88,CS,3,1,nan
52,Male,268,CS,2,1,nan
90,Male,380,CS,6,3,4.9
15,Female,65,CS,2,1,nan
95,Male,368,CS,5,2,5
36,Male,128,CS,2,1,4.6
43,Male,138,CS,2,1,nan
43,Male,138,CS,2,1,nan
10,Female,68,CS,1,1,5
108,Male,488,CS,6,3,nan
30,Male,288,CS,2,2,nan
46,Female,168,CS,3,2,nan
90,Male,428,CS,5,2,nan
118,Female,498,CS,6,3,5
20,Female,198,CS,3,1,nan
58,Male,278,CS,4,1,4.7
130,Male,398,CS,8,4,nan
124,Female,388,CS,6,3,nan
138,Female,528,CS,6,3,5
40,Female,78,CS,2,1,5
38,Male,128,CS,2,1,nan
35,Male,118,CS,2,1,nan
80,Male,388,CS,4,2,nan
180,Female,688,CS,8,4,4.9
93,Male,388,CS,6,3,4.9
10,Female,65,CS,2,1,5
150,Male,488,CS,6,3,nan
98,Female,368,CS,6,3,nan
9,Female,59,CS,2,2,5
68,Male,358,CS,4,2,nan
80,Female,388,CS,5,3,nan
53,Male,278,CS,2,1,4.8
55,Male,208,CS,4,2,nan
15,Female,128,CS,2,1,nan
30,Male,118,CS,2,1,nan
65,Male,188,CS,4,2,nan
52,Male,258,CS,2,1,5
44,Male,220,CS,2,1,nan
53,Male,158,CS,2,2,nan
53,Female,238,CS,3,2,5
38,Male,108,CS,2,1,nan
130,Male,568,CS,6,3,nan
85,Female,368,CS,5,3,5
40,Male,278,CS,2,1,nan
9,Female,41,CS,2,1,5
20,Female,69,CS,2,1,5
30,Female,158,CS,3,1,nan
75,Male,288,CS,4,2,4.6
47,Male,88,CS,2,1,nan
47,Male,88,CS,2,1,nan
110,Female,498,CS,6,3,nan
80,Female,528,CS,4,2,4.9
80,Female,488,CS,4,2,4.9
45,Female,198,CS,2,1,nan
15,Male,158,CS,3,2,3.8
44,Male,220,CS,3,1,4.6
90,Male,338,CS,5,4,nan
36,Male,128,CS,4,2,4.9
40,Female,198,CS,2,1,5
56,Male,288,CS,6,3,4.9
150,Female,528,CS,6,3,4.9
45,Female,188,CS,3,1,5
7,Female,120,CS,2,1,5
10,Female,89,CS,2,1,5
44,Male,398,CS,2,1,nan
45,Female,198,CS,2,1,nan
48,Male,388,CS,2,1,nan
40,Female,168,CS,4,3,4.8
70,Male,298,CS,4,2,4.8
115,Female,500,CS,5,3,5
78,Female,468,CS,4,3,5
15,Male,158,CS,3,3,4
15,Male,138,CS,2,1,4.6
128,Male,220,CS,4,2,5
75,Male,368,CS,4,2,4.7
50,Female,258,CS,2,1,5
180,Female,768,CS,8,4,5
125,Female,468,CS,4,2,5
104,Female,398,CS,5,3,5
125,Male,588,CS,8,4,5
15,Male,168,CS,2,1,4.6
78,Male,298,CS,4,2,nan
15,Male,138,CS,2,2,4.7
80,Female,468,CS,4,2,5
75,Male,368,CS,5,3,4.9
75,Male,288,CS,4,2,5
55,Male,178,CS,2,1,nan
52,Male,268,CS,2,1,nan
108,Male,228,CS,4,2,4.8
53,Male,298,CS,3,2,5
20,Female,98,CS,2,1,4.8
52,Male,298,CS,3,2,4.9
48,Female,198,CS,2,1,5
110,Female,65,CS,10,5,4.9
80,Female,528,CS,4,2,nan
45,Female,158,CS,2,1,5
60,Male,178,CS,2,1,nan
48,Female,248,CS,2,1,4.9
42,Female,238,CS,4,2,5
40,Female,178,CS,2,1,nan
129,Male,558,CS,7,3,nan
39,Female,138,CS,4,2,nan
105,Female,468,CS,6,3,nan
118,Female,528,CS,8,3,5
100,Female,118,CS,4,2,5
77,Male,258,CS,5,3,nan
44,Female,338,CS,2,1,5
44,Female,338,CS,2,1,5
13,Female,128,CS,2,1,4.9
45,Male,238,CS,3,2,4.8
94,Male,399,CS,5,3,nan
45,Female,338,CS,2,1,4.9
170,Male,618,CS,5,3,4.9
88,Female,328,CS,5,3,nan
45,Female,208,CS,3,2,nan
70,Female,228,CS,2,1,4.8
470,Male,2680,CS,10,10,nan
80,Female,398,CS,4,2,5
55,Female,299,CS,4,2,5
91,Female,388,CS,5,3,nan
120,Male,558,CS,6,3,nan
68,Female,288,CS,4,2,5
36,Female,188,CS,2,1,5
98,Female,328,CS,4,2,5
63,Female,295,CS,4,2,nan
45,Female,208,CS,3,2,4.9
70,Female,298,CS,4,2,4.8
28,Male,248,CS,2,1,4.5
80,Male,388,CS,4,2,5
45,Female,188,CS,2,1,4.7
45,Female,188,CS,2,1,4.7
45,Female,188,CS,2,1,5
94,Female,528,CS,6,3,5
38,Female,108,CS,2,1,4.7
45,Female,208,CS,2,2,4.8
40,Female,149,CS,2,1,4.9
82,Female,298,CS,5,4,5
38,Female,118,CS,2,1,nan
47,Female,268,CS,2,1,5
85,Female,388,CS,5,3,5
36,Female,188,CS,2,1,5
45,Female,188,CS,2,1,4.6
32,Female,288,CS,2,1,5
90,Male,488,CS,6,3,5
45,Female,358,CS,2,1,5
88,Female,388,CS,4,2,5
320,Female,1280,CS,10,7,4.9
63,Male,309,CS,2,1,5
82,Female,398,CS,4,2,4.9
120,Female,558,CS,6,3,4.9
80,Male,488,CS,4,2,nan
25,Female,198,CS,2,1,4.9
90,Female,398,CS,4,2,5
174,Female,798,CS,8,4,5
108,Female,488,CS,6,3,nan
82,Female,328,CS,4,2,5
87,Female,328,CS,4,2,5
63,Male,369,CS,4,2,nan
120,Female,558,CS,6,3,5
18,Female,158,CS,2,1,4.9
30,Female,198,WH,2,1,5
15,Female,138,WH,1,1,5
42,Male,188,WH,2,1,5
50,Female,238,WH,3,2,4.9
15,Female,128,WH,2,1,4.9
50,Female,238,WH,3,2,nan
115,Female,359,WH,5,3,5
40,Male,239,WH,2,1,nan
53,Female,238,WH,2,1,5
35,Female,208,WH,2,1,5
8,Male,89,WH,1,1,5
70,Female,208,WH,2,1,4.8
60,Female,238,WH,4,2,4.9
25,Male,178,WH,2,1,5
40,Female,198,WH,2,1,5
15,Female,158,WH,2,1,5
85,Male,298,WH,5,4,4.9
92,Female,288,WH,4,2,4.9
45,Female,238,WH,2,1,5
12,Female,148,WH,2,1,nan
80,Female,258,WH,4,2,4.9
50,Male,188,WH,2,1,4.9
85,Male,348,WH,4,2,5
75,Male,358,WH,5,3,nan
40,Female,208,WH,2,1,nan
60,Female,198,WH,4,2,nan
98,Female,278,WH,6,4,4.8
56,Male,179,WH,4,2,4.9
130,Female,599,WH,7,5,5
40,Female,139,WH,2,1,5
80,Female,399,WH,4,2,5
8,Female,125,WH,2,1,5
45,Male,223,WH,2,1,4.8
50,Female,268,WH,2,1,5
40,Female,175,WH,2,1,5
100,Male,399,WH,2,2,4.9
60,Male,196,WH,3,2,4.9
45,Male,246,WH,2,1,4.9
72,Female,248,WH,4,2,nan
50,Male,288,WH,5,2,nan
42,Female,178,WH,2,1,5
40,Male,136,WH,2,2,4.8
135,Male,308,WH,6,4,5
50,Female,198,WH,4,2,4.8
50,Female,298,WH,2,1,5
25,Female,168,WH,2,1,nan
93,Female,299,WH,4,2,4.9
92,Female,298,WH,4,2,nan
45,Male,238,WH,2,1,nan
78,Female,368,WH,4,2,5
50,Female,198,WH,2,1,4.7
15,Female,168,WH,2,1,nan
37,Male,136,WH,2,1,nan
45,Female,199,WH,3,1,5
50,Female,188,WH,2,1,nan
40,Female,209,WH,2,1,5
220,Female,666,WH,4,4,4.7
72,Female,258,WH,4,2,4.9
58,Female,238,WH,2,2,nan
47,Female,228,WH,2,1,4.8
60,Female,268,WH,2,1,nan
33,Male,168,WH,2,1,4.9
20,Female,158,WH,2,1,5
37,Male,136,WH,2,1,5
37,Female,178,WH,2,1,4.9
38,Male,218,WH,2,1,4.9
120,Female,438,WH,6,4,nan
35,Female,138,WH,2,1,nan
8,Male,87,WH,1,1,nan
76,Female,199,WH,4,2,4.9
75,Female,368,WH,4,2,nan
15,Female,238,WH,2,1,nan
50,Female,218,WH,2,1,5
38,Male,218,WH,2,1,4.9
15,Female,158,WH,2,1,4.9
48,Male,262,WH,2,1,5
128,Male,388,WH,6,4,4.9
35,Female,168,WH,2,1,nan
15,Male,168,WH,2,1,4.9
15,Female,109,WH,2,1,4.8
15,Female,118,WH,2,1,4.4
60,Female,278,WH,2,1,5
83,Female,298,WH,5,3,5
75,Female,268,WH,4,2,4.9
100,Female,296,WH,5,3,nan
74,Female,298,WH,6,3,4.6
11,Female,228,WH,2,1,nan
62,Female,298,WH,5,3,4.8
80,Female,298,WH,4,2,5
33,Male,229,WH,2,1,5
80,Female,288,WH,4,3,nan
43,Male,298,WH,2,1,4.9
92,Male,298,WH,4,2,5
100,Male,388,WH,3,3,nan
14,Female,98,WH,2,1,5
40,Male,198,WH,2,1,5
30,Female,188,WH,2,1,nan
50,Female,238,WH,3,2,4.9
90,Female,268,WH,4,2,4.9
10,Female,156,WH,2,1,nan
58,Male,228,WH,2,1,4.9
60,Female,298,WH,6,3,5
75,Female,236,WH,4,3,5
90,Female,298,WH,4,2,4.9
35,Female,158,WH,3,2,5
93,Female,328,WH,4,2,5
50,Female,268,WH,2,1,5
90,Female,298,WH,4,2,5
154,Male,499,WH,8,4,4.9
25,Female,188,WH,4,2,nan
50,Male,228,WH,2,1,4.9
14,Female,118,WH,1,1,5
92,Female,288,WH,4,2,4.8
110,Female,268,WH,4,2,5
20,Female,268,WH,2,1,nan
92,Female,288,WH,4,2,4.9
42,Female,228,WH,2,1,4.9
65,Female,238,WH,6,3,5
74,Male,248,WH,5,3,5
20,Female,228,WH,2,1,5
108,Female,498,WH,6,3,nan
60,Female,206,WH,2,2,5
58,Male,186,WH,2,1,4.9
20,Female,100,WH,2,1,5
45,Male,238,WH,2,1,nan
10,Female,178,WH,2,1,4.9
185,Female,788,WH,7,4,nan
98,Female,398,WH,4,3,4.9
32,Female,208,WH,2,1,4.9
62,Male,258,WH,4,3,4.8
80,Female,178,WH,2,1,4.9
15,Female,268,WH,2,1,nan
15,Female,268,WH,2,2,nan
60,Female,288,WH,4,2,5
80,Female,258,WH,4,3,5
15,Male,158,WH,2,1,4.9
58,Male,188,WH,2,1,nan
69,Female,358,WH,4,2,nan
47,Male,238,WH,2,1,nan
47,Female,198,WH,2,1,4.9
32,Male,188,WH,2,1,nan
146,Female,608,WH,6,3,nan
51,Female,268,WH,2,1,nan
70,Male,298,WH,4,3,4.9
11,Male,109,WH,1,1,nan
21,Female,118,WH,2,1,4.9
130,Female,488,WH,6,3,5
53,Female,218,WH,2,1,5
80,Female,188,WH,2,1,4.8
40,Male,198,WH,2,1,nan
40,Male,188,WH,2,1,4.7
70,Female,288,WH,4,4,5
25,Female,98,WH,2,1,5
99,Male,288,WH,6,5,4.9
120,Female,588,WH,4,2,5
10,Male,86,WH,1,1,nan
50,Male,299,WH,4,2,nan
35,Female,168,WH,2,1,5
80,Female,268,WH,4,3,nan
31,Male,178,WH,3,2,5
95,Female,248,WH,4,2,4.6
68,Female,238,WH,6,4,5
25,Male,178,WH,2,1,nan
48,Female,175,WH,2,2,4.8
58,Female,228,WH,4,2,4.9
25,Male,188,WH,2,1,5
60,Female,222,WH,4,4,5
45,Female,258,WH,4,2,nan
69,Female,261,WH,4,2,5
55,Female,238,WH,2,1,4.9
47,Male,238,WH,2,1,nan
99,Female,289,WH,4,3,4.7
50,Female,198,WH,2,1,5
140,Female,500,WH,6,3,5
39,Female,259,WH,2,1,5
12,Female,120,WH,1,1,4.9
50,Male,168,WH,2,1,5
42,Female,178,WH,2,1,5
101,Male,298,WH,5,3,4.8
48,Male,238,WH,2,1,nan
640,Female,3488,WH,10,6,nan
45,Female,198,WH,2,1,4.9
12,Female,128,WH,2,1,nan
33,Female,198,WH,2,1,4.8
65,Female,258,WH,4,2,5
88,Male,338,WH,4,2,5
130,Female,588,WH,6,3,5
28,Female,128,WH,2,1,4.8
30,Female,218,WH,2,2,5
69,Male,278,WH,4,2,nan
50,Female,198,WH,2,1,5
60,Female,228,WH,3,1,5
70,Male,318,WH,6,3,5
40,Female,238,WH,2,1,4
70,Female,228,WH,2,2,4.9
45,Female,198,WH,2,1,4.9
90,Female,368,WH,4,2,4.9
66,Male,368,WH,4,2,5
10,Female,88,WH,2,1,5
40,Male,188,WH,2,2,5
180,Male,3999,WH,3,2,nan
10,Female,258,WH,2,1,nan
120,Female,368,WH,7,4,5
79,Male,258,WH,4,3,4.8
80,Female,318,WH,4,3,5
38,Female,259,WH,2,1,nan
65,Female,228,WH,4,3,5
92,Female,288,WH,4,2,4.9
95,Male,288,WH,4,2,nan
65,Female,258,WH,4,2,5
120,Female,500,WH,6,4,5
88,Female,398,WH,4,3,nan
90,Male,488,WH,5,3,nan
32,Female,229,WH,2,1,5
77,Female,650,WH,7,4,nan
10,Female,128,WH,2,1,nan
50,Female,358,WH,4,2,5
47,Male,238,WH,2,1,nan
3,Female,99,WH,1,1,4.8
45,Female,338,WH,2,1,nan
55,Female,238,WH,3,1,4.9
60,Female,198,WH,4,2,nan
52,Female,208,WH,3,2,4.8
46,Female,198,WH,2,1,5
90,Female,288,WH,4,3,4.9
40,Male,259,WH,2,1,5
12,Female,118,WH,2,1,5
36,Male,218,WH,2,1,nan
100,Male,358,WH,2,1,4.9
70,Male,288,WH,4,3,4.9
46,Male,166,WH,2,1,4.7
41,Male,208,WH,2,1,5
20,Female,168,WH,2,1,4.8
36,Male,228,WH,2,1,nan
30,Male,198,WH,2,1,5
65,Female,228,WH,4,3,5
30,Male,198,WH,2,1,5
50,Female,199,WH,2,1,5
20,Male,138,WH,2,1,4.9
45,Female,218,WH,2,1,5
43,Female,158,WH,2,1,4.8
101,Male,298,WH,4,2,4.9
50,Female,229,WH,2,1,5
88,Female,248,WH,4,4,5
50,Male,228,WH,2,1,4.9
130,Female,488,WH,5,3,5
60,Female,238,WH,3,2,5
130,Female,359,WH,5,3,5
15,Female,139,WH,2,1,4.8
18,Male,98,WH,2,1,4.9
20,Female,119,WH,2,1,5
77,Female,298,WH,4,2,5
88,Female,219,WH,4,2,5
70,Male,338,WH,6,3,4.9
35,Female,149,WH,3,2,4.9
46,Female,226,WH,2,2,nan
96,Male,298,WH,5,3,4.8
16,Female,138,WH,2,1,4.9
90,Female,498,WH,8,4,5
125,Female,298,WH,4,4,5
12,Female,139,WH,2,1,5
15,Female,118,WH,2,1,5
15,Female,128,WH,2,1,5
120,Male,218,WH,4,2,nan
43,Female,218,WH,2,1,5
40,Male,399,WH,3,2,4.9
27,Female,108,WH,2,1,5
50,Female,148,WH,3,2,5
97,Female,428,WH,4,2,5
47,Female,268,WH,2,1,nan
96,Female,320,WH,3,2,nan
84,Female,268,WH,5,3,4.9
40,Male,399,WH,3,2,5
99,Female,298,WH,4,2,nan
61,Female,258,WH,4,2,5
15,Female,138,WH,2,1,4.9
90,Female,259,WH,4,3,nan
50,Female,268,WH,2,1,5
15,Female,159,WH,2,1,5
60,Female,220,WH,2,1,nan
40,Female,198,WH,2,1,5
80,Female,168,WH,2,1,4.9
251,Female,780,WH,8,4,nan
15,Female,129,WH,2,1,5
60,Male,699,WH,4,2,5
40,Male,258,WH,2,1,nan
31,Male,178,WH,3,2,5
55,Female,179,WH,3,2,5
15,Female,158,WH,2,1,5
36,Female,158,WH,2,1,4.9
100,Male,360,WH,4,2,5
49,Female,258,WH,2,1,nan
50,Female,268,WH,2,1,5
54,Female,199,WH,2,1,5
20,Female,148,WH,2,1,4.9
101,Female,338,WH,4,2,5
33,Male,208,WH,2,2,5
73,Female,359,WH,2,1,5
42,Male,269,WH,4,2,nan
74,Female,266,WH,6,3,5
10,Female,100,CD,2,1,5
70,Female,328,CD,2,1,5
81,Female,338,CD,4,3,5
18,Female,100,CD,3,1,5
38,Female,209,CD,2,1,5
68,Female,278,CD,4,2,5
40,Male,178,CD,3,2,5
86,Female,258,CD,4,2,4.9
40,Female,270,CD,4,2,5
87,Female,248,CD,4,2,5
55,Female,338,CD,4,3,5
90,Female,298,CD,4,2,5
89,Female,258,CD,3,2,5
64,Female,199,CD,4,3,5
104,Female,398,CD,6,3,4.9
70,Female,458,CD,2,1,5
70,Female,368,CD,4,2,4.9
75,Female,388,CD,4,2,5
65,Male,358,CD,2,1,4.9
15,Female,128,CD,2,1,5
56,Female,238,CD,2,1,5
40,Female,238,CD,2,1,4.8
350,Female,1480,CD,10,6,5
130,Female,598,CD,5,3,4.9
50,Female,138,CD,2,1,4.7
60,Male,258,CD,2,1,5
39,Female,168,CD,3,2,4.9
46,Female,168,CD,2,1,nan
16,Male,148,CD,2,1,5
58,Female,268,CD,4,2,5
60,Female,208,CD,3,2,5
45,Female,178,CD,2,1,5
93,Male,268,CD,4,2,5
118,Female,358,CD,4,2,nan
20,Female,109,CD,2,1,5
158,Male,666,CD,7,4,4.9
62,Male,218,CD,5,3,4.9
86,Female,318,CD,4,2,nan
110,Female,320,CD,4,2,5
65,Male,221,CD,4,2,5
146,Male,688,CD,8,4,4.9
20,Female,258,CD,2,1,4.9
155,Female,498,CD,7,5,4.8
66,Male,218,CD,3,1,4.9
80,Male,288,CD,4,2,4.9
63,Male,148,CD,2,2,4.9
70,Male,318,CD,5,2,5
75,Male,266,CD,4,2,4.9
60,Male,318,CD,5,2,5
90,Female,318,CD,4,2,5
106,Female,328,CD,6,3,5
130,Female,368,CD,5,2,4.9
96,Male,398,CD,6,3,4.9
45,Male,218,CD,2,1,5
10,Female,78,CD,1,1,nan
230,Female,750,CD,10,5,nan
12,Female,298,CD,2,1,4.8
60,Female,280,CD,2,1,5
120,Female,368,CD,6,2,5
83,Male,268,CD,4,2,5
79,Male,235,CD,4,2,4.8
42,Male,188,CD,3,2,5
87,Female,428,CD,5,3,5
39,Female,199,CD,2,1,5
56,Female,168,CD,2,1,4.8
121,Female,380,CD,6,3,5
30,Male,188,CD,2,1,5
45,Female,208,CD,2,1,5
90,Female,268,CD,4,2,5
30,Female,258,CD,2,1,5
78,Female,298,CD,4,3,5
119,Male,410,CD,6,5,4.8
88,Female,298,CD,6,4,5
20,Female,128,CD,2,1,4.9
89,Female,238,CD,4,2,5
60,Male,208,CD,3,2,5
66,Male,308,CD,4,2,4.9
158,Male,666,CD,8,4,5
10,Female,109,CD,2,1,5
95,Male,222,CD,4,2,nan
15,Female,298,CD,2,1,4.7
89,Male,648,CD,4,2,5
58,Female,230,CD,4,2,5
76,Female,79,CD,4,2,5
80,Female,268,CD,6,3,5
80,Male,580,CD,4,3,5
70,Female,268,CD,4,2,5
178,Male,598,CD,6,3,5
70,Female,258,CD,4,2,5
90,Male,328,CD,4,2,5
89,Female,368,CD,6,2,5
45,Female,129,CD,2,1,5
45,Female,218,CD,2,2,5
60,Male,199,CD,3,2,4.9
80,Female,268,CD,4,2,5
47,Female,148,CD,2,1,4.9
68,Female,278,CD,4,2,5
137,Female,598,CD,6,4,5
76,Female,520,CD,4,2,nan
89,Female,298,CD,4,2,5
96,Female,378,CD,4,2,5
40,Female,998,CD,4,2,4.8
90,Female,388,CD,4,2,5
15,Female,398,CD,2,1,4.9
45,Male,208,CD,2,1,5
45,Female,178,CD,2,1,5
99,Male,425,CD,6,3,5
40,Male,259,CD,3,2,nan
93,Female,288,CD,4,2,5
108,Male,458,CD,6,3,5
120,Female,258,CD,4,2,4.9
70,Male,238,CD,4,2,5
108,Female,298,CD,4,2,4.9
66,Female,268,CD,4,3,nan
100,Male,328,CD,5,2,5
90,Male,298,CD,6,3,nan
80,Male,248,CD,4,2,5
93,Female,398,CD,6,3,5
72,Male,249,CD,4,2,4.9
15,Male,108,CD,2,1,5
86,Male,248,CD,4,2,5
39,Male,188,CD,3,2,5
99,Male,378,CD,7,4,5
88,Female,268,CD,4,2,5
45,Female,168,CD,2,1,5
70,Male,288,CD,4,2,5
47,Male,288,CD,2,1,5
106,Female,350,CD,6,3,4.8
60,Female,368,CD,4,2,5
42,Female,228,CD,2,1,4.9
20,Female,368,CD,2,1,4.9
70,Male,298,CD,4,2,4.9
20,Female,198,CD,2,1,5
10,Female,99,CD,1,1,5
66,Female,328,CD,4,2,5
40,Female,188,CD,2,1,5
52,Male,198,CD,2,2,5
86,Female,338,CD,4,2,5
81,Female,328,CD,4,2,5
109,Female,458,CD,6,3,5
73,Male,318,CD,6,3,4.8
56,Female,209,CD,2,1,5
50,Female,148,CD,3,2,4.6
150,Female,450,CD,8,4,4.9
40,Female,229,CD,3,2,4.9
60,Female,258,CD,4,2,5
90,Female,388,CD,6,3,5
39,Male,198,CD,3,1,5
90,Female,408,CD,4,2,5
58,Female,168,CD,5,2,5
93,Female,328,CD,4,3,5
60,Female,138,CD,2,3,5
128,Female,799,CD,5,2,5
30,Female,138,CD,2,1,5
65,Female,388,CD,4,2,4.9
38,Female,218,CD,2,1,5
100,Female,399,CD,4,2,5
76,Male,298,CD,4,3,5
70,Male,328,CD,2,1,5
140,Male,1188,CD,6,4,4.8
20,Female,149,CD,2,1,4.9
59,Female,208,CD,2,1,5
60,Female,199,CD,2,1,5
62,Female,248,CD,4,2,5
30,Male,102,CD,2,1,4.9
38,Male,229,CD,4,2,4.9
60,Female,218,CD,3,1,4.9
88,Female,318,CD,6,3,nan
180,Female,880,CD,9,5,4.9
58,Female,228,CD,3,2,5
55,Male,148,CD,3,2,4.9
12,Female,168,CD,2,1,5
120,Male,328,CD,5,3,4.9
50,Female,258,CD,2,1,nan
90,Female,268,CD,4,2,5
15,Female,99,CD,2,1,5
39,Male,248,CD,2,1,5
96,Male,328,CD,5,2,5
110,Male,488,CD,6,3,nan
300,Female,1380,CD,8,4,4.9
125,Female,528,CD,9,3,5
80,Female,269,CD,5,3,5
81,Female,268,CD,4,2,5
120,Female,288,CD,4,2,5
45,Female,128,CD,2,1,4.9
70,Female,268,CD,4,2,5
90,Female,488,CD,2,2,5
88,Male,248,CD,4,2,5
68,Female,248,CD,4,3,4.9
52,Female,198,CD,2,1,4.9
54,Female,169,CD,2,1,4.8
38,Female,200,CD,2,1,5
124,Female,328,CD,5,3,5
120,Male,518,CD,6,3,nan
36,Female,288,CD,3,2,5
20,Female,99,CD,2,1,5
66,Female,248,CD,2,1,5
50,Female,138,CD,2,1,4.9
18,Female,88,CD,2,1,5
80,Male,228,CD,4,2,4.9
42,Female,228,CD,2,1,4.9
70,Male,218,CD,2,1,5
95,Female,358,CD,7,4,5
38,Female,248,CD,2,1,5
85,Female,256,CD,4,2,5
39,Female,199,CD,2,1,5
56,Male,218,CD,4,2,5
66,Female,238,CD,3,2,4.9
10,Female,68,CD,1,1,4.9
60,Male,298,CD,3,1,5
70,Male,249,CD,4,2,5
18,Male,118,CD,2,1,5
80,Female,268,CD,4,2,5
88,Female,297,CD,4,2,5
82,Male,299,CD,5,2,4.9
110,Female,380,CD,4,2,5
41,Male,128,CD,2,1,5
15,Female,98,CD,2,1,4.9
60,Female,268,CD,2,2,5
62,Male,249,CD,2,1,4.9
60,Female,260,CD,3,2,5
39,Male,198,CD,2,1,5
90,Male,446,CD,4,2,5
56,Female,238,CD,3,3,5
62,Female,325,CD,2,1,5
80,Male,198,CD,4,2,4.9
15,Female,158,CD,2,1,5
90,Male,298,CD,6,3,nan
102,Female,398,CD,6,3,5
93,Male,369,CD,5,3,5
56,Male,188,CD,2,1,4.9
60,Male,228,CD,3,2,4.8
113,Male,298,CD,5,3,5
56,Female,298,CD,2,1,5
52,Female,329,CD,4,2,5
85,Female,299,CD,4,2,4.9
75,Female,438,CD,4,3,5
43,Female,249,CD,2,1,5
70,Male,249,CD,4,2,5
128,Female,398,CD,4,2,5
109,Female,438,CD,6,3,4.9
60,Female,268,CD,4,2,nan
50,Female,168,CD,2,2,4.9
91,Male,328,CD,4,2,5
120,Female,558,CD,7,5,5
52,Female,218,CD,2,1,5
95,Female,288,CD,4,2,4.9
75,Male,238,CD,4,2,4.8
30,Female,236,CD,3,2,4.8
75,Female,298,CD,4,2,5
80,Female,268,CD,4,2,5
40,Female,218,CD,2,1,4.9
67,Male,458,CD,4,2,4.8
14,Male,148,CD,2,1,5
72,Female,313,CD,4,2,5
40,Male,219,CD,2,1,4.9
89,Female,298,CD,4,2,4.8
60,Male,169,CD,4,3,5
67,Female,328,CD,2,1,4.9
68,Male,158,CD,2,1,4.9
60,Male,178,CD,2,1,4.9
114,Male,498,CD,6,3,5
92,Female,228,CD,4,2,5
60,Female,228,CD,4,2,nan
70,Male,249,CD,4,2,5
53,Female,218,CD,4,2,5
53,Female,198,CD,3,1,4.9
110,Female,528,CD,9,3,5
66,Male,269,CD,4,1,nan
56,Female,218,CD,2,1,5
55,Male,148,CD,3,2,4.9
68,Female,348,CD,4,2,5
50,Female,178,CD,3,2,4.9
38,Female,180,CD,2,1,5
70,Male,168,CD,4,3,5
85,Male,168,CD,5,3,5
60,Male,268,CD,4,2,4.9
49,Female,298,CD,2,1,nan
16,Female,108,CD,2,1,5
88,Female,299,CD,4,3,5
70,Female,298,CD,2,1,4.9
60,Male,208,CD,4,2,nan
15,Female,368,CD,2,1,4.9
80,Female,248,CD,4,2,5
70,Female,258,CD,4,3,5
60,Female,198,CD,2,1,4.9
60,Male,239,CD,2,1,5
45,Male,169,CD,2,1,nan
78,Female,288,CD,4,2,5
63,Female,188,CD,4,2,5
66,Male,238,CD,2,1,5
95,Female,298,CD,5,3,5
252,Female,828,CD,6,3,nan
75,Female,228,CD,4,2,4.9
12,Male,118,CD,2,1,4.9
55,Male,258,CD,2,1,nan
98,Female,398,CD,5,2,4.9
28,Male,470,CD,2,1,nan
35,Male,1480,CD,2,1,nan
363,Female,1188,CD,8,5,5
72,Female,268,CQ,4,2,5
65,Female,188,CQ,4,3,4.9
36,Male,158,CQ,2,1,5
32,Female,168,CQ,2,1,4.8
40,Female,214,CQ,2,1,4.9
40,Male,138,CQ,2,1,4.9
140,Female,342,CQ,6,3,5
60,Male,228,CQ,2,1,5
30,Male,238,CQ,2,1,5
30,Female,188,CQ,2,1,5
40,Female,158,CQ,2,1,5
122,Female,331,CQ,5,4,5
123,Female,390,CQ,6,3,5
78,Male,357,CQ,4,2,5
125,Male,498,CQ,3,2,5
102,Male,248,CQ,4,2,4.8
48,Female,218,CQ,2,1,4.9
98,Male,241,CQ,6,3,5
33,Male,148,CQ,2,1,5
130,Female,458,CQ,6,3,5
118,Female,368,CQ,7,2,5
55,Female,338,CQ,4,2,4.9
36,Female,186,CQ,2,1,4.9
69,Female,188,CQ,4,2,4.8
130,Female,498,CQ,7,4,4.9
48,Female,248,CQ,2,1,5
87,Male,398,CQ,4,2,5
38,Female,188,CQ,2,1,5
92,Male,347,CQ,5,2,5
110,Female,268,CQ,4,2,4.9
60,Female,178,CQ,3,2,4.9
33,Male,158,CQ,2,1,5
68,Female,258,CQ,5,3,4.9
68,Female,317,CQ,4,2,5
78,Male,298,CQ,4,2,4.9
20,Male,100,CQ,2,1,5
46,Female,188,CQ,2,2,4.9
30,Female,178,CQ,2,1,5
50,Female,148,CQ,2,1,5
16,Female,208,CQ,2,1,4.9
45,Female,188,CQ,2,1,4.9
38,Male,128,CQ,2,1,4.8
43,Female,178,CQ,2,1,5
50,Male,248,CQ,2,1,5
90,Female,368,CQ,4,2,4.9
176,Male,608,CQ,4,2,4.8
35,Male,178,CQ,2,1,5
48,Female,168,CQ,2,1,4.9
20,Male,68,CQ,2,1,5
30,Female,288,CQ,4,2,5
118,Female,368,CQ,7,3,5
29,Female,145,CQ,2,1,5
107,Female,438,CQ,6,3,4.9
33,Male,200,CQ,2,1,4.9
60,Male,228,CQ,2,1,5
140,Female,468,CQ,7,5,5
108,Female,298,CQ,6,3,5
50,Female,158,CQ,2,1,4.9
90,Female,288,CQ,5,2,4.9
55,Female,308,CQ,4,2,4.4
47,Female,169,CQ,2,1,5
86,Female,228,CQ,5,2,4.9
43,Female,138,CQ,2,1,4.9
64,Female,238,CQ,4,2,5
70,Female,358,CQ,5,2,4.9
64,Female,239,CQ,4,2,4.9
46,Female,218,CQ,3,2,5
100,Female,398,CQ,5,2,5
30,Female,148,CQ,2,1,4.9
65,Male,188,CQ,3,3,4.9
34,Female,158,CQ,2,1,5
55,Female,108,CQ,3,1,4.8
40,Female,198,CQ,3,1,4.9
113,Female,368,CQ,4,2,4.9
35,Female,248,CQ,2,1,nan
60,Male,308,CQ,4,2,4.7
45,Female,178,CQ,2,1,4.8
40,Female,198,CQ,2,1,5
94,Female,468,CQ,4,2,4.9
48,Female,268,CQ,2,1,5
40,Female,188,CQ,2,1,5
45,Female,198,CQ,2,1,5
33,Male,168,CQ,2,1,nan
50,Female,238,CQ,3,2,5
80,Female,280,CQ,4,2,5
10,Male,108,CQ,2,1,5
88,Male,258,CQ,4,2,4.9
45,Male,158,CQ,2,1,4.9
126,Male,469,CQ,6,6,4.8
130,Female,308,CQ,6,3,5
80,Female,268,CQ,4,3,4.9
38,Male,128,CQ,2,1,5
14,Male,98,CQ,2,1,nan
85,Female,248,CQ,4,2,4.9
55,Female,198,CQ,2,1,5
40,Female,300,CQ,2,1,nan
34,Female,158,CQ,2,1,4.9
45,Female,148,CQ,2,1,5
40,Female,178,CQ,4,2,5
35,Female,168,CQ,2,1,5
101,Female,358,CQ,6,3,4.9
33,Female,188,CQ,2,1,5
70,Female,358,CQ,4,2,5
40,Male,218,CQ,2,2,5
18,Female,126,CQ,2,1,4.9
30,Female,108,CQ,2,1,5
45,Female,198,CQ,2,2,5
50,Male,248,CQ,2,2,5
74,Male,338,CQ,4,2,5
60,Female,228,CQ,4,2,5
52,Female,198,CQ,2,2,5
140,Female,856,CQ,7,3,5
150,Female,680,CQ,8,4,5
40,Male,218,CQ,2,1,nan
35,Female,158,CQ,2,1,4.9
68,Female,288,CQ,5,3,5
33,Female,168,CQ,2,1,5
130,Male,388,CQ,8,4,4.7
118,Female,488,CQ,6,3,4.9
80,Female,198,CQ,4,2,5
168,Female,588,CQ,8,3,5
120,Female,498,CQ,6,3,5
130,Male,518,CQ,8,5,4.9
105,Female,416,CQ,4,2,5
40,Male,178,CQ,2,1,4.9
40,Female,138,CQ,3,2,4.9
15,Female,88,CQ,2,1,4.9
33,Female,380,CQ,2,1,5
80,Male,298,CQ,5,3,4.8
34,Female,200,CQ,3,1,5
35,Male,198,CQ,2,1,5
126,Female,358,CQ,6,3,5
43,Female,188,CQ,2,1,4.9
35,Female,198,CQ,2,1,5
55,Female,268,CQ,3,2,5
70,Female,238,CQ,4,2,5
108,Female,300,CQ,6,3,4.9
70,Female,318,CQ,4,2,4.9
38,Male,138,CQ,2,1,4.8
50,Female,198,CQ,3,1,5
40,Female,128,CQ,2,1,4.9
15,Female,138,CQ,1,1,5
30,Female,168,CQ,2,1,5
55,Female,238,CQ,4,2,4.9
100,Female,300,CQ,6,3,4.9
90,Male,258,CQ,4,2,4.4
83,Female,238,CQ,4,2,4.9
33,Male,188,CQ,2,1,4.9
45,Female,288,CQ,3,2,nan
168,Female,780,CQ,10,4,5
68,Female,288,CQ,4,2,4.9
45,Male,168,CQ,2,1,5
151,Female,333,CQ,4,3,5
50,Female,168,CQ,2,1,4.9
54,Female,188,CQ,3,1,5
100,Female,458,CQ,7,3,4.9
40,Female,178,CQ,3,1,5
75,Male,258,CQ,6,3,5
82,Female,288,CQ,6,3,5
82,Female,298,CQ,6,3,5
116,Female,538,CQ,8,6,5
48,Female,328,CQ,4,2,4.9
50,Female,128,CQ,2,1,4.9
33,Female,268,CQ,2,1,5
38,Female,198,CQ,2,3,5
45,Female,148,CQ,2,1,4.9
65,Female,258,CQ,3,2,4.7
57,Female,199,CQ,4,2,5
38,Male,139,CQ,2,1,4.9
46,Female,158,CQ,2,1,4.9
60,Male,238,CQ,2,1,4.9
55,Female,298,CQ,2,1,nan
55,Female,178,CQ,2,1,4.9
84,Female,338,CQ,4,2,4.9
153,Female,680,CQ,8,4,5
40,Female,198,CQ,2,1,4.9
35,Female,218,CQ,2,1,5
20,Female,98,CQ,2,1,4.9
48,Female,238,CQ,2,1,5
125,Female,258,CQ,6,2,5
70,Female,468,CQ,4,2,5
34,Female,158,CQ,2,2,5
60,Female,198,CQ,4,2,4.9
37,Male,218,CQ,2,1,4.9
50,Female,200,CQ,3,2,4.9
60,Female,225,CQ,3,1,4.9
18,Female,238,CQ,2,1,5
60,Female,238,CQ,4,2,5
35,Female,218,CQ,2,1,5
10,Male,118,CQ,2,1,5
100,Female,298,CQ,5,3,4.9
22,Female,109,CQ,2,1,4.9
58,Female,228,CQ,2,1,5
117,Female,398,CQ,4,2,5
100,Male,238,CQ,3,3,5
20,Female,158,CQ,4,1,5
55,Female,198,CQ,2,2,4.9
56,Female,288,CQ,2,1,5
150,Male,388,CQ,10,4,4.9
34,Male,151,CQ,2,1,5
55,Female,208,CQ,2,1,5
72,Female,238,CQ,5,2,5
40,Female,178,CQ,2,2,5
90,Female,298,CQ,6,3,4.8
70,Male,298,CQ,4,2,5
147,Male,517,CQ,7,4,nan
70,Female,188,CQ,4,3,4.9
80,Female,288,CQ,4,3,4.9
100,Female,328,CQ,4,2,5
120,Female,388,CQ,4,2,5
50,Male,216,CQ,2,1,4.8
85,Female,268,CQ,6,4,4.9
100,Female,298,CQ,4,2,5
68,Male,208,CQ,4,2,5
48,Female,148,CQ,2,1,4.8
48,Female,218,CQ,2,1,5
40,Female,168,CQ,2,1,4.9
60,Female,218,CQ,5,4,5
90,Male,288,CQ,4,2,5
97,Male,368,CQ,4,2,4.7
100,Female,388,CQ,5,2,5
36,Female,158,CQ,2,2,5
70,Female,197,CQ,2,1,5
90,Male,458,CQ,4,2,nan
69,Female,388,CQ,4,2,4.9
55,Male,198,CQ,2,1,5
43,Female,138,CQ,2,2,4.9
98,Female,498,CQ,4,2,5
110,Female,358,CQ,5,3,5
40,Male,188,CQ,2,1,5
50,Female,308,CQ,2,2,5
56,Female,198,CQ,3,2,4.9
55,Female,208,CQ,4,3,nan
18,Female,168,CQ,2,1,5
55,Female,140,CQ,2,2,4.8
78,Male,288,CQ,4,2,4.9
55,Female,189,CQ,2,2,4.9
64,Female,250,CQ,4,2,4.8
46,Female,208,CQ,2,1,5
120,Female,358,CQ,5,3,5
101,Female,398,CQ,7,3,5
15,Female,88,CQ,1,1,5
40,Female,198,CQ,2,1,4.9
61,Female,268,CQ,4,2,4.7
53,Female,198,CQ,2,1,4.9
48,Female,208,CQ,4,2,5
180,Female,488,CQ,8,4,4.9
15,Female,139,CQ,2,1,5
50,Male,248,CQ,2,1,5
88,Female,278,CQ,4,2,5
100,Female,268,CQ,4,2,4.9
100,Female,268,CQ,4,2,4.9
18,Female,88,CQ,2,1,5
113,Female,388,CQ,6,3,5
36,Female,148,CQ,2,1,5
54,Female,214,CQ,4,2,4.9
30,Female,178,CQ,2,1,5
216,Male,777,CQ,6,3,4.9
30,Female,198,CQ,2,1,4.9
33,Male,188,CQ,2,1,4.9
55,Female,198,CQ,2,1,5
35,Female,198,CQ,2,1,4.9
45,Female,188,CQ,2,1,5
132,Female,398,CQ,5,3,5
85,Female,268,CQ,4,2,4.9
65,Female,228,CQ,4,2,5
50,Female,198,CQ,2,1,5
138,Male,527,CQ,6,4,5
40,Female,199,CQ,2,1,5
20,Female,158,CQ,2,1,4.9
93,Female,288,CQ,6,3,4.9
38,Male,138,CQ,2,1,4.9
88,Female,298,CQ,5,2,5
62,Male,178,CQ,2,1,5
42,Female,196,CQ,2,2,4.9
35,Female,128,CQ,2,1,4.9
37,Female,198,CQ,3,1,5
68,Female,238,CQ,4,2,5
52,Female,228,CQ,2,1,4.9
90,Female,198,CQ,5,3,4.9
35,Female,168,CQ,2,1,4.9
34,Female,158,CQ,2,1,5
142,Female,689,CQ,6,3,5
40,Female,228,CQ,2,1,4.9
30,Female,168,CQ,3,2,4.9
50,Female,211,CQ,2,1,5
55,Female,238,CQ,2,2,5
54,Female,168,CQ,3,1,5
90,Female,228,CQ,4,2,4.9
65,Female,288,CQ,4,2,5
40,Female,128,CQ,2,1,5
127,Female,358,CQ,6,3,5
50,Female,228,CQ,2,2,4.9
45,Female,158,CQ,2,1,5
39,Female,202,CQ,2,1,5
55,Male,218,CQ,2,1,nan
68,Female,268,CQ,4,2,4.9
125,Female,578,CQ,6,3,5
43,Female,128,CQ,2,1,4.9
58,Female,178,CQ,3,2,nan